period,region,value,report_url,image_url,image_file,image_sha256
2024-01,markham,2615,https://rentals.ca/blog/february-2024-rentals-ca-report,https://images.rentals.ca/images/10_Feb24_Avg._Asking_Rent_for_Purpose-built__C.width-800.png,2024-01.png,9117827a64552bf9020e62fbdb62b99be10dc47a13e694581dae0cfa26186411
2024-01,mississauga,2605,https://rentals.ca/blog/february-2024-rentals-ca-report,https://images.rentals.ca/images/10_Feb24_Avg._Asking_Rent_for_Purpose-built__C.width-800.png,2024-01.png,9117827a64552bf9020e62fbdb62b99be10dc47a13e694581dae0cfa26186411
2024-01,north_york,2614,https://rentals.ca/blog/february-2024-rentals-ca-report,https://images.rentals.ca/images/10_Feb24_Avg._Asking_Rent_for_Purpose-built__C.width-800.png,2024-01.png,9117827a64552bf9020e62fbdb62b99be10dc47a13e694581dae0cfa26186411
2024-01,oakville,2498,https://rentals.ca/blog/february-2024-rentals-ca-report,https://images.rentals.ca/images/10_Feb24_Avg._Asking_Rent_for_Purpose-built__C.width-800.png,2024-01.png,9117827a64552bf9020e62fbdb62b99be10dc47a13e694581dae0cfa26186411
2024-01,scarborough,2447,https://rentals.ca/blog/february-2024-rentals-ca-report,https://images.rentals.ca/images/10_Feb24_Avg._Asking_Rent_for_Purpose-built__C.width-800.png,2024-01.png,9117827a64552bf9020e62fbdb62b99be10dc47a13e694581dae0cfa26186411
2024-01,vaughan,2603,https://rentals.ca/blog/february-2024-rentals-ca-report,https://images.rentals.ca/images/10_Feb24_Avg._Asking_Rent_for_Purpose-built__C.width-800.png,2024-01.png,9117827a64552bf9020e62fbdb62b99be10dc47a13e694581dae0cfa26186411
2024-02,markham,2604,https://rentals.ca/blog/march-2024-rentals-ca-report,https://images.rentals.ca/images/10_March_2024_Rentals.ca_Avg._Asking_Rent_for_.width-800.png,2024-02.png,1c1d470af76ee15e1a295f60f03b88a90d4746ea8b420edc8daf4d005a26ccf6
2024-02,mississauga,2591,https://rentals.ca/blog/march-2024-rentals-ca-report,https://images.rentals.ca/images/10_March_2024_Rentals.ca_Avg._Asking_Rent_for_.width-800.png,2024-02.png,1c1d470af76ee15e1a295f60f03b88a90d4746ea8b420edc8daf4d005a26ccf6
2024-02,north_york,2578,https://rentals.ca/blog/march-2024-rentals-ca-report,https://images.rentals.ca/images/10_March_2024_Rentals.ca_Avg._Asking_Rent_for_.width-800.png,2024-02.png,1c1d470af76ee15e1a295f60f03b88a90d4746ea8b420edc8daf4d005a26ccf6
2024-02,oakville,2524,https://rentals.ca/blog/march-2024-rentals-ca-report,https://images.rentals.ca/images/10_March_2024_Rentals.ca_Avg._Asking_Rent_for_.width-800.png,2024-02.png,1c1d470af76ee15e1a295f60f03b88a90d4746ea8b420edc8daf4d005a26ccf6
2024-02,scarborough,2436,https://rentals.ca/blog/march-2024-rentals-ca-report,https://images.rentals.ca/images/10_March_2024_Rentals.ca_Avg._Asking_Rent_for_.width-800.png,2024-02.png,1c1d470af76ee15e1a295f60f03b88a90d4746ea8b420edc8daf4d005a26ccf6
2024-02,vaughan,2619,https://rentals.ca/blog/march-2024-rentals-ca-report,https://images.rentals.ca/images/10_March_2024_Rentals.ca_Avg._Asking_Rent_for_.width-800.png,2024-02.png,1c1d470af76ee15e1a295f60f03b88a90d4746ea8b420edc8daf4d005a26ccf6
2024-03,markham,2603,https://rentals.ca/blog/april-2024-rentals-ca-rent-report,https://images.rentals.ca/images/10_Asking_Rents_for_PBR__Condo_Top_25_Small_an.width-800.png,2024-03.png,0f68cfd9284b9a660d2b90b4f521684a9c380550c4f25bdc06c8cb102dacce18
2024-03,mississauga,2586,https://rentals.ca/blog/april-2024-rentals-ca-rent-report,https://images.rentals.ca/images/10_Asking_Rents_for_PBR__Condo_Top_25_Small_an.width-800.png,2024-03.png,0f68cfd9284b9a660d2b90b4f521684a9c380550c4f25bdc06c8cb102dacce18
2024-03,north_york,2563,https://rentals.ca/blog/april-2024-rentals-ca-rent-report,https://images.rentals.ca/images/10_Asking_Rents_for_PBR__Condo_Top_25_Small_an.width-800.png,2024-03.png,0f68cfd9284b9a660d2b90b4f521684a9c380550c4f25bdc06c8cb102dacce18
2024-03,oakville,2559,https://rentals.ca/blog/april-2024-rentals-ca-rent-report,https://images.rentals.ca/images/10_Asking_Rents_for_PBR__Condo_Top_25_Small_an.width-800.png,2024-03.png,0f68cfd9284b9a660d2b90b4f521684a9c380550c4f25bdc06c8cb102dacce18
2024-03,scarborough,2440,https://rentals.ca/blog/april-2024-rentals-ca-rent-report,https://images.rentals.ca/images/10_Asking_Rents_for_PBR__Condo_Top_25_Small_an.width-800.png,2024-03.png,0f68cfd9284b9a660d2b90b4f521684a9c380550c4f25bdc06c8cb102dacce18
2024-03,vaughan,2530,https://rentals.ca/blog/april-2024-rentals-ca-rent-report,https://images.rentals.ca/images/10_Asking_Rents_for_PBR__Condo_Top_25_Small_an.width-800.png,2024-03.png,0f68cfd9284b9a660d2b90b4f521684a9c380550c4f25bdc06c8cb102dacce18
2024-04,markham,2554,https://rentals.ca/blog/may-2024-update-rentals-ca-rent-report,https://images.rentals.ca/images/14_-_AvgRentPurposeCondoTop24SmMidMrktsENG_-_M.width-800.png,2024-04.png,f75779aeeef7c7d2c8a86ad663d9f57ccca1c2e2066d8f209fd34d07657d2897
2024-04,mississauga,2589,https://rentals.ca/blog/may-2024-update-rentals-ca-rent-report,https://images.rentals.ca/images/14_-_AvgRentPurposeCondoTop24SmMidMrktsENG_-_M.width-800.png,2024-04.png,f75779aeeef7c7d2c8a86ad663d9f57ccca1c2e2066d8f209fd34d07657d2897
2024-04,north_york,2562,https://rentals.ca/blog/may-2024-update-rentals-ca-rent-report,https://images.rentals.ca/images/14_-_AvgRentPurposeCondoTop24SmMidMrktsENG_-_M.width-800.png,2024-04.png,f75779aeeef7c7d2c8a86ad663d9f57ccca1c2e2066d8f209fd34d07657d2897
2024-04,oakville,2575,https://rentals.ca/blog/may-2024-update-rentals-ca-rent-report,https://images.rentals.ca/images/14_-_AvgRentPurposeCondoTop24SmMidMrktsENG_-_M.width-800.png,2024-04.png,f75779aeeef7c7d2c8a86ad663d9f57ccca1c2e2066d8f209fd34d07657d2897
2024-04,scarborough,2475,https://rentals.ca/blog/may-2024-update-rentals-ca-rent-report,https://images.rentals.ca/images/14_-_AvgRentPurposeCondoTop24SmMidMrktsENG_-_M.width-800.png,2024-04.png,f75779aeeef7c7d2c8a86ad663d9f57ccca1c2e2066d8f209fd34d07657d2897
2024-04,vaughan,2532,https://rentals.ca/blog/may-2024-update-rentals-ca-rent-report,https://images.rentals.ca/images/14_-_AvgRentPurposeCondoTop24SmMidMrktsENG_-_M.width-800.png,2024-04.png,f75779aeeef7c7d2c8a86ad663d9f57ccca1c2e2066d8f209fd34d07657d2897
2024-05,markham,2564,https://rentals.ca/blog/june-2024-update-rentals-ca-rent-report,https://images.rentals.ca/images/Chart_14_-_AvgRentPurpCondoTop25_-_June_2024.width-800.png,2024-05.png,488a898d6572f54e39aea910a500df3b9c95cc9b7a772b0de381eb7bb3b13747
2024-05,mississauga,2610,https://rentals.ca/blog/june-2024-update-rentals-ca-rent-report,https://images.rentals.ca/images/Chart_14_-_AvgRentPurpCondoTop25_-_June_2024.width-800.png,2024-05.png,488a898d6572f54e39aea910a500df3b9c95cc9b7a772b0de381eb7bb3b13747
2024-05,north_york,2560,https://rentals.ca/blog/june-2024-update-rentals-ca-rent-report,https://images.rentals.ca/images/Chart_14_-_AvgRentPurpCondoTop25_-_June_2024.width-800.png,2024-05.png,488a898d6572f54e39aea910a500df3b9c95cc9b7a772b0de381eb7bb3b13747
2024-05,oakville,2648,https://rentals.ca/blog/june-2024-update-rentals-ca-rent-report,https://images.rentals.ca/images/Chart_14_-_AvgRentPurpCondoTop25_-_June_2024.width-800.png,2024-05.png,488a898d6572f54e39aea910a500df3b9c95cc9b7a772b0de381eb7bb3b13747
2024-05,scarborough,2565,https://rentals.ca/blog/june-2024-update-rentals-ca-rent-report,https://images.rentals.ca/images/Chart_14_-_AvgRentPurpCondoTop25_-_June_2024.width-800.png,2024-05.png,488a898d6572f54e39aea910a500df3b9c95cc9b7a772b0de381eb7bb3b13747
2024-05,vaughan,2527,https://rentals.ca/blog/june-2024-update-rentals-ca-rent-report,https://images.rentals.ca/images/Chart_14_-_AvgRentPurpCondoTop25_-_June_2024.width-800.png,2024-05.png,488a898d6572f54e39aea910a500df3b9c95cc9b7a772b0de381eb7bb3b13747
2024-06,markham,2562,https://rentals.ca/blog/july-2024-update-rentals-rent-report,https://images.rentals.ca/images/14RS_-_AvgAskRentPurpCondoTop25_-July_2024-01.width-800.png,2024-06.png,b83b76525e42ca63a5f1782b77f98987e697332a317d688cfa393401a3420b95
2024-06,mississauga,2681,https://rentals.ca/blog/july-2024-update-rentals-rent-report,https://images.rentals.ca/images/14RS_-_AvgAskRentPurpCondoTop25_-July_2024-01.width-800.png,2024-06.png,b83b76525e42ca63a5f1782b77f98987e697332a317d688cfa393401a3420b95
2024-06,north_york,2555,https://rentals.ca/blog/july-2024-update-rentals-rent-report,https://images.rentals.ca/images/14RS_-_AvgAskRentPurpCondoTop25_-July_2024-01.width-800.png,2024-06.png,b83b76525e42ca63a5f1782b77f98987e697332a317d688cfa393401a3420b95
2024-06,oakville,2578,https://rentals.ca/blog/july-2024-update-rentals-rent-report,https://images.rentals.ca/images/14RS_-_AvgAskRentPurpCondoTop25_-July_2024-01.width-800.png,2024-06.png,b83b76525e42ca63a5f1782b77f98987e697332a317d688cfa393401a3420b95
2024-06,scarborough,2555,https://rentals.ca/blog/july-2024-update-rentals-rent-report,https://images.rentals.ca/images/14RS_-_AvgAskRentPurpCondoTop25_-July_2024-01.width-800.png,2024-06.png,b83b76525e42ca63a5f1782b77f98987e697332a317d688cfa393401a3420b95
2024-06,vaughan,2590,https://rentals.ca/blog/july-2024-update-rentals-rent-report,https://images.rentals.ca/images/14RS_-_AvgAskRentPurpCondoTop25_-July_2024-01.width-800.png,2024-06.png,b83b76525e42ca63a5f1782b77f98987e697332a317d688cfa393401a3420b95
2024-07,mississauga,2646,https://rentals.ca/blog/august-2024-update-rentals-ca-rent-report,https://images.rentals.ca/images/Chart_14REV_-_AvgAskRentPurpCondoTop25SmMidMrk.width-800.png,2024-07.png,4f90bd49969441f148c3402310e0ac195288f6771c0fe3d03af55ea795cd7e55
2024-07,north_york,2554,https://rentals.ca/blog/august-2024-update-rentals-ca-rent-report,https://images.rentals.ca/images/Chart_14REV_-_AvgAskRentPurpCondoTop25SmMidMrk.width-800.png,2024-07.png,4f90bd49969441f148c3402310e0ac195288f6771c0fe3d03af55ea795cd7e55
2024-07,oakville,2568,https://rentals.ca/blog/august-2024-update-rentals-ca-rent-report,https://images.rentals.ca/images/Chart_14REV_-_AvgAskRentPurpCondoTop25SmMidMrk.width-800.png,2024-07.png,4f90bd49969441f148c3402310e0ac195288f6771c0fe3d03af55ea795cd7e55
2024-07,scarborough,2466,https://rentals.ca/blog/august-2024-update-rentals-ca-rent-report,https://images.rentals.ca/images/Chart_14REV_-_AvgAskRentPurpCondoTop25SmMidMrk.width-800.png,2024-07.png,4f90bd49969441f148c3402310e0ac195288f6771c0fe3d03af55ea795cd7e55
2024-07,vaughan,2537,https://rentals.ca/blog/august-2024-update-rentals-ca-rent-report,https://images.rentals.ca/images/Chart_14REV_-_AvgAskRentPurpCondoTop25SmMidMrk.width-800.png,2024-07.png,4f90bd49969441f148c3402310e0ac195288f6771c0fe3d03af55ea795cd7e55
2024-08,markham,2496,https://rentals.ca/blog/september-2024-rentals-ca-rent-report,https://rentals.ca/blog/wp-content/uploads/2024/10/14_-_AvgAskRentPurpCondoTop25MrktsHighRent_-_S.width-800.png,2024-08.png,f43f30ad4826c4aad315e809f0d352e777c599b4f9fa262b647a0fd347786c1a
2024-08,mississauga,2632,https://rentals.ca/blog/september-2024-rentals-ca-rent-report,https://rentals.ca/blog/wp-content/uploads/2024/10/14_-_AvgAskRentPurpCondoTop25MrktsHighRent_-_S.width-800.png,2024-08.png,f43f30ad4826c4aad315e809f0d352e777c599b4f9fa262b647a0fd347786c1a
2024-08,north_york,2510,https://rentals.ca/blog/september-2024-rentals-ca-rent-report,https://rentals.ca/blog/wp-content/uploads/2024/10/14_-_AvgAskRentPurpCondoTop25MrktsHighRent_-_S.width-800.png,2024-08.png,f43f30ad4826c4aad315e809f0d352e777c599b4f9fa262b647a0fd347786c1a
2024-08,oakville,2534,https://rentals.ca/blog/september-2024-rentals-ca-rent-report,https://rentals.ca/blog/wp-content/uploads/2024/10/14_-_AvgAskRentPurpCondoTop25MrktsHighRent_-_S.width-800.png,2024-08.png,f43f30ad4826c4aad315e809f0d352e777c599b4f9fa262b647a0fd347786c1a
2024-08,scarborough,2459,https://rentals.ca/blog/september-2024-rentals-ca-rent-report,https://rentals.ca/blog/wp-content/uploads/2024/10/14_-_AvgAskRentPurpCondoTop25MrktsHighRent_-_S.width-800.png,2024-08.png,f43f30ad4826c4aad315e809f0d352e777c599b4f9fa262b647a0fd347786c1a
2024-08,vaughan,2564,https://rentals.ca/blog/september-2024-rentals-ca-rent-report,https://rentals.ca/blog/wp-content/uploads/2024/10/14_-_AvgAskRentPurpCondoTop25MrktsHighRent_-_S.width-800.png,2024-08.png,f43f30ad4826c4aad315e809f0d352e777c599b4f9fa262b647a0fd347786c1a
2024-10,markham,2581,https://rentals.ca/blog/november-2024-rentals-ca-rent-report,https://rentals.ca/blog/wp-content/uploads/2024/12/14_-_NOV2024_-_ENG-01.width-800.png,2024-10.png,a4a6455e8215d0b10048a5bf4f05ab8cffee90290ca53a304ea217782ad0f149
2024-10,mississauga,2593,https://rentals.ca/blog/november-2024-rentals-ca-rent-report,https://rentals.ca/blog/wp-content/uploads/2024/12/14_-_NOV2024_-_ENG-01.width-800.png,2024-10.png,a4a6455e8215d0b10048a5bf4f05ab8cffee90290ca53a304ea217782ad0f149
2024-10,north_york,2517,https://rentals.ca/blog/november-2024-rentals-ca-rent-report,https://rentals.ca/blog/wp-content/uploads/2024/12/14_-_NOV2024_-_ENG-01.width-800.png,2024-10.png,a4a6455e8215d0b10048a5bf4f05ab8cffee90290ca53a304ea217782ad0f149
2024-10,oakville,2588,https://rentals.ca/blog/november-2024-rentals-ca-rent-report,https://rentals.ca/blog/wp-content/uploads/2024/12/14_-_NOV2024_-_ENG-01.width-800.png,2024-10.png,a4a6455e8215d0b10048a5bf4f05ab8cffee90290ca53a304ea217782ad0f149
2024-10,scarborough,2494,https://rentals.ca/blog/november-2024-rentals-ca-rent-report,https://rentals.ca/blog/wp-content/uploads/2024/12/14_-_NOV2024_-_ENG-01.width-800.png,2024-10.png,a4a6455e8215d0b10048a5bf4f05ab8cffee90290ca53a304ea217782ad0f149
2024-10,vaughan,2537,https://rentals.ca/blog/november-2024-rentals-ca-rent-report,https://rentals.ca/blog/wp-content/uploads/2024/12/14_-_NOV2024_-_ENG-01.width-800.png,2024-10.png,a4a6455e8215d0b10048a5bf4f05ab8cffee90290ca53a304ea217782ad0f149
2024-11,markham,2560,https://rentals.ca/blog/december-2024-rentals-ca-rent-report,https://rentals.ca/blog/wp-content/uploads/2025/01/19.png,2024-11.png,69c864ce49b413620297575afea73b4ac4aa24083c6883467a0bf5de96a021c6
2024-11,mississauga,2568,https://rentals.ca/blog/december-2024-rentals-ca-rent-report,https://rentals.ca/blog/wp-content/uploads/2025/01/19.png,2024-11.png,69c864ce49b413620297575afea73b4ac4aa24083c6883467a0bf5de96a021c6
2024-11,north_york,2543,https://rentals.ca/blog/december-2024-rentals-ca-rent-report,https://rentals.ca/blog/wp-content/uploads/2025/01/19.png,2024-11.png,69c864ce49b413620297575afea73b4ac4aa24083c6883467a0bf5de96a021c6
2024-11,oakville,2917,https://rentals.ca/blog/december-2024-rentals-ca-rent-report,https://rentals.ca/blog/wp-content/uploads/2025/01/19.png,2024-11.png,69c864ce49b413620297575afea73b4ac4aa24083c6883467a0bf5de96a021c6
2024-11,scarborough,2460,https://rentals.ca/blog/december-2024-rentals-ca-rent-report,https://rentals.ca/blog/wp-content/uploads/2025/01/19.png,2024-11.png,69c864ce49b413620297575afea73b4ac4aa24083c6883467a0bf5de96a021c6
2024-11,vaughan,2536,https://rentals.ca/blog/december-2024-rentals-ca-rent-report,https://rentals.ca/blog/wp-content/uploads/2025/01/19.png,2024-11.png,69c864ce49b413620297575afea73b4ac4aa24083c6883467a0bf5de96a021c6
2024-12,markham,2560,https://rentals.ca/blog/january-2025-rentals-ca-rent-report,https://rentals.ca/blog/wp-content/uploads/2025/02/17_-_AvgAskRentPurpCondoTop25MidszMrktsHighAsk.webp,2024-12.webp,04b802eb2f2d7727006caa948bfeb933818c1225eec4004282c174a0a715a2cd
2024-12,mississauga,2551,https://rentals.ca/blog/january-2025-rentals-ca-rent-report,https://rentals.ca/blog/wp-content/uploads/2025/02/17_-_AvgAskRentPurpCondoTop25MidszMrktsHighAsk.webp,2024-12.webp,04b802eb2f2d7727006caa948bfeb933818c1225eec4004282c174a0a715a2cd
2024-12,north_york,2495,https://rentals.ca/blog/january-2025-rentals-ca-rent-report,https://rentals.ca/blog/wp-content/uploads/2025/02/17_-_AvgAskRentPurpCondoTop25MidszMrktsHighAsk.webp,2024-12.webp,04b802eb2f2d7727006caa948bfeb933818c1225eec4004282c174a0a715a2cd
2024-12,oakville,2892,https://rentals.ca/blog/january-2025-rentals-ca-rent-report,https://rentals.ca/blog/wp-content/uploads/2025/02/17_-_AvgAskRentPurpCondoTop25MidszMrktsHighAsk.webp,2024-12.webp,04b802eb2f2d7727006caa948bfeb933818c1225eec4004282c174a0a715a2cd
2024-12,scarborough,2431,https://rentals.ca/blog/january-2025-rentals-ca-rent-report,https://rentals.ca/blog/wp-content/uploads/2025/02/17_-_AvgAskRentPurpCondoTop25MidszMrktsHighAsk.webp,2024-12.webp,04b802eb2f2d7727006caa948bfeb933818c1225eec4004282c174a0a715a2cd
2024-12,vaughan,2475,https://rentals.ca/blog/january-2025-rentals-ca-rent-report,https://rentals.ca/blog/wp-content/uploads/2025/02/17_-_AvgAskRentPurpCondoTop25MidszMrktsHighAsk.webp,2024-12.webp,04b802eb2f2d7727006caa948bfeb933818c1225eec4004282c174a0a715a2cd
2025-01,markham,2543,https://rentals.ca/blog/february-2025-rentals-ca-rent-report,https://images.rentals.ca/images/14_-_AvgAskRentPurpCondoTop25MidMrktsHighAskRe.width-800.png,2025-01.png,55347e287ab1a9369a1e6772f2dc030fbc912f8fdb47f71a82f40cf399887c88
2025-01,mississauga,2524,https://rentals.ca/blog/february-2025-rentals-ca-rent-report,https://images.rentals.ca/images/14_-_AvgAskRentPurpCondoTop25MidMrktsHighAskRe.width-800.png,2025-01.png,55347e287ab1a9369a1e6772f2dc030fbc912f8fdb47f71a82f40cf399887c88
2025-01,north_york,2476,https://rentals.ca/blog/february-2025-rentals-ca-rent-report,https://images.rentals.ca/images/14_-_AvgAskRentPurpCondoTop25MidMrktsHighAskRe.width-800.png,2025-01.png,55347e287ab1a9369a1e6772f2dc030fbc912f8fdb47f71a82f40cf399887c88
2025-01,oakville,2802,https://rentals.ca/blog/february-2025-rentals-ca-rent-report,https://images.rentals.ca/images/14_-_AvgAskRentPurpCondoTop25MidMrktsHighAskRe.width-800.png,2025-01.png,55347e287ab1a9369a1e6772f2dc030fbc912f8fdb47f71a82f40cf399887c88
2025-01,scarborough,2403,https://rentals.ca/blog/february-2025-rentals-ca-rent-report,https://images.rentals.ca/images/14_-_AvgAskRentPurpCondoTop25MidMrktsHighAskRe.width-800.png,2025-01.png,55347e287ab1a9369a1e6772f2dc030fbc912f8fdb47f71a82f40cf399887c88
2025-01,vaughan,2502,https://rentals.ca/blog/february-2025-rentals-ca-rent-report,https://images.rentals.ca/images/14_-_AvgAskRentPurpCondoTop25MidMrktsHighAskRe.width-800.png,2025-01.png,55347e287ab1a9369a1e6772f2dc030fbc912f8fdb47f71a82f40cf399887c88
2025-02,markham,2579,https://rentals.ca/blog/march-2025-rentals-ca-rent-report,https://rentals.ca/blog/wp-content/uploads/2025/04/14_-_AvgAskRent_PurpCondotop25_-_Mar2025-01.webp,2025-02.webp,3a2a5f7e70fd526fec6319ac727cca0062fb8bfdf79102fa047532c0571bc267
2025-02,mississauga,2503,https://rentals.ca/blog/march-2025-rentals-ca-rent-report,https://rentals.ca/blog/wp-content/uploads/2025/04/14_-_AvgAskRent_PurpCondotop25_-_Mar2025-01.webp,2025-02.webp,3a2a5f7e70fd526fec6319ac727cca0062fb8bfdf79102fa047532c0571bc267
2025-02,north_york,2451,https://rentals.ca/blog/march-2025-rentals-ca-rent-report,https://rentals.ca/blog/wp-content/uploads/2025/04/14_-_AvgAskRent_PurpCondotop25_-_Mar2025-01.webp,2025-02.webp,3a2a5f7e70fd526fec6319ac727cca0062fb8bfdf79102fa047532c0571bc267
2025-02,oakville,2829,https://rentals.ca/blog/march-2025-rentals-ca-rent-report,https://rentals.ca/blog/wp-content/uploads/2025/04/14_-_AvgAskRent_PurpCondotop25_-_Mar2025-01.webp,2025-02.webp,3a2a5f7e70fd526fec6319ac727cca0062fb8bfdf79102fa047532c0571bc267
2025-02,scarborough,2393,https://rentals.ca/blog/march-2025-rentals-ca-rent-report,https://rentals.ca/blog/wp-content/uploads/2025/04/14_-_AvgAskRent_PurpCondotop25_-_Mar2025-01.webp,2025-02.webp,3a2a5f7e70fd526fec6319ac727cca0062fb8bfdf79102fa047532c0571bc267
2025-02,vaughan,2527,https://rentals.ca/blog/march-2025-rentals-ca-rent-report,https://rentals.ca/blog/wp-content/uploads/2025/04/14_-_AvgAskRent_PurpCondotop25_-_Mar2025-01.webp,2025-02.webp,3a2a5f7e70fd526fec6319ac727cca0062fb8bfdf79102fa047532c0571bc267
2025-03,markham,2557,https://rentals.ca/blog/april-2025-rentals-ca-rent-report,https://web.archive.org/web/20250419002750im_/https://images.rentals.ca/images/17_-_HighestAvgAskRent_-_APR2025-01.width-800.png,2025-03.png,d4a4425e9f40071c477ede2eb85215838b3ec669768deefe092d1ba2ae466f3e
2025-03,mississauga,2505,https://rentals.ca/blog/april-2025-rentals-ca-rent-report,https://web.archive.org/web/20250419002750im_/https://images.rentals.ca/images/17_-_HighestAvgAskRent_-_APR2025-01.width-800.png,2025-03.png,d4a4425e9f40071c477ede2eb85215838b3ec669768deefe092d1ba2ae466f3e
2025-03,north_york,2478,https://rentals.ca/blog/april-2025-rentals-ca-rent-report,https://web.archive.org/web/20250419002750im_/https://images.rentals.ca/images/17_-_HighestAvgAskRent_-_APR2025-01.width-800.png,2025-03.png,d4a4425e9f40071c477ede2eb85215838b3ec669768deefe092d1ba2ae466f3e
2025-03,oakville,2728,https://rentals.ca/blog/april-2025-rentals-ca-rent-report,https://web.archive.org/web/20250419002750im_/https://images.rentals.ca/images/17_-_HighestAvgAskRent_-_APR2025-01.width-800.png,2025-03.png,d4a4425e9f40071c477ede2eb85215838b3ec669768deefe092d1ba2ae466f3e
2025-03,scarborough,2379,https://rentals.ca/blog/april-2025-rentals-ca-rent-report,https://web.archive.org/web/20250419002750im_/https://images.rentals.ca/images/17_-_HighestAvgAskRent_-_APR2025-01.width-800.png,2025-03.png,d4a4425e9f40071c477ede2eb85215838b3ec669768deefe092d1ba2ae466f3e
2025-03,vaughan,2454,https://rentals.ca/blog/april-2025-rentals-ca-rent-report,https://web.archive.org/web/20250419002750im_/https://images.rentals.ca/images/17_-_HighestAvgAskRent_-_APR2025-01.width-800.png,2025-03.png,d4a4425e9f40071c477ede2eb85215838b3ec669768deefe092d1ba2ae466f3e
2025-04,markham,2587,https://rentals.ca/blog/may-2025-rentals-ca-rent-report,https://images.rentals.ca/images/15_-_HAARPCRAT25MO6L_-_May_2025.width-800.png,2025-04.png,388d84a78e3e7f2befe5f34c324fcdc1bbb360986b85e6d963a5aa84ff0107f4
2025-04,mississauga,2489,https://rentals.ca/blog/may-2025-rentals-ca-rent-report,https://images.rentals.ca/images/15_-_HAARPCRAT25MO6L_-_May_2025.width-800.png,2025-04.png,388d84a78e3e7f2befe5f34c324fcdc1bbb360986b85e6d963a5aa84ff0107f4
2025-04,north_york,2443,https://rentals.ca/blog/may-2025-rentals-ca-rent-report,https://images.rentals.ca/images/15_-_HAARPCRAT25MO6L_-_May_2025.width-800.png,2025-04.png,388d84a78e3e7f2befe5f34c324fcdc1bbb360986b85e6d963a5aa84ff0107f4
2025-04,oakville,2707,https://rentals.ca/blog/may-2025-rentals-ca-rent-report,https://images.rentals.ca/images/15_-_HAARPCRAT25MO6L_-_May_2025.width-800.png,2025-04.png,388d84a78e3e7f2befe5f34c324fcdc1bbb360986b85e6d963a5aa84ff0107f4
2025-04,scarborough,2424,https://rentals.ca/blog/may-2025-rentals-ca-rent-report,https://images.rentals.ca/images/15_-_HAARPCRAT25MO6L_-_May_2025.width-800.png,2025-04.png,388d84a78e3e7f2befe5f34c324fcdc1bbb360986b85e6d963a5aa84ff0107f4
2025-04,vaughan,2508,https://rentals.ca/blog/may-2025-rentals-ca-rent-report,https://images.rentals.ca/images/15_-_HAARPCRAT25MO6L_-_May_2025.width-800.png,2025-04.png,388d84a78e3e7f2befe5f34c324fcdc1bbb360986b85e6d963a5aa84ff0107f4
2025-05,markham,2569,https://rentals.ca/blog/june-2025-rentals-ca-rent-report,https://images.rentals.ca/images/16_-_HAARPBCRAT25M_-_JUN2025.width-800.png,2025-05.png,84d214ca613116c81602a835568bf841202b8c6e6f97def137c59b144c651d59
2025-05,mississauga,2495,https://rentals.ca/blog/june-2025-rentals-ca-rent-report,https://images.rentals.ca/images/16_-_HAARPBCRAT25M_-_JUN2025.width-800.png,2025-05.png,84d214ca613116c81602a835568bf841202b8c6e6f97def137c59b144c651d59
2025-05,north_york,2468,https://rentals.ca/blog/june-2025-rentals-ca-rent-report,https://images.rentals.ca/images/16_-_HAARPBCRAT25M_-_JUN2025.width-800.png,2025-05.png,84d214ca613116c81602a835568bf841202b8c6e6f97def137c59b144c651d59
2025-05,oakville,2690,https://rentals.ca/blog/june-2025-rentals-ca-rent-report,https://images.rentals.ca/images/16_-_HAARPBCRAT25M_-_JUN2025.width-800.png,2025-05.png,84d214ca613116c81602a835568bf841202b8c6e6f97def137c59b144c651d59
2025-05,scarborough,2448,https://rentals.ca/blog/june-2025-rentals-ca-rent-report,https://images.rentals.ca/images/16_-_HAARPBCRAT25M_-_JUN2025.width-800.png,2025-05.png,84d214ca613116c81602a835568bf841202b8c6e6f97def137c59b144c651d59
2025-05,vaughan,2517,https://rentals.ca/blog/june-2025-rentals-ca-rent-report,https://images.rentals.ca/images/16_-_HAARPBCRAT25M_-_JUN2025.width-800.png,2025-05.png,84d214ca613116c81602a835568bf841202b8c6e6f97def137c59b144c651d59
2025-06,markham,2505,https://rentals.ca/blog/july-2025-rentals-ca-rent-report,https://images.rentals.ca/images/17_-_HAARPBCRAT25M_-_July_2025.width-800.png,2025-06.png,0c7fcf95aeb1275fda55cdc244ccacd751b849b7fe006d7a239534c1c52e8d05
2025-06,mississauga,2478,https://rentals.ca/blog/july-2025-rentals-ca-rent-report,https://images.rentals.ca/images/17_-_HAARPBCRAT25M_-_July_2025.width-800.png,2025-06.png,0c7fcf95aeb1275fda55cdc244ccacd751b849b7fe006d7a239534c1c52e8d05
2025-06,north_york,2448,https://rentals.ca/blog/july-2025-rentals-ca-rent-report,https://images.rentals.ca/images/17_-_HAARPBCRAT25M_-_July_2025.width-800.png,2025-06.png,0c7fcf95aeb1275fda55cdc244ccacd751b849b7fe006d7a239534c1c52e8d05
2025-06,oakville,2605,https://rentals.ca/blog/july-2025-rentals-ca-rent-report,https://images.rentals.ca/images/17_-_HAARPBCRAT25M_-_July_2025.width-800.png,2025-06.png,0c7fcf95aeb1275fda55cdc244ccacd751b849b7fe006d7a239534c1c52e8d05
2025-06,scarborough,2461,https://rentals.ca/blog/july-2025-rentals-ca-rent-report,https://images.rentals.ca/images/17_-_HAARPBCRAT25M_-_July_2025.width-800.png,2025-06.png,0c7fcf95aeb1275fda55cdc244ccacd751b849b7fe006d7a239534c1c52e8d05
2025-06,vaughan,2390,https://rentals.ca/blog/july-2025-rentals-ca-rent-report,https://images.rentals.ca/images/17_-_HAARPBCRAT25M_-_July_2025.width-800.png,2025-06.png,0c7fcf95aeb1275fda55cdc244ccacd751b849b7fe006d7a239534c1c52e8d05
2025-07,markham,2510,https://rentals.ca/blog/august-2025-rentals-ca-rent-report,https://images.rentals.ca/images/17_-_HAARPBCRAT25_-_AUG2025.width-800.png,2025-07.png,f46da2ee35331ce5e842494dcac473806cbbea635294e2bcdcb1061085fdd201
2025-07,mississauga,2463,https://rentals.ca/blog/august-2025-rentals-ca-rent-report,https://images.rentals.ca/images/17_-_HAARPBCRAT25_-_AUG2025.width-800.png,2025-07.png,f46da2ee35331ce5e842494dcac473806cbbea635294e2bcdcb1061085fdd201
2025-07,north_york,2438,https://rentals.ca/blog/august-2025-rentals-ca-rent-report,https://images.rentals.ca/images/17_-_HAARPBCRAT25_-_AUG2025.width-800.png,2025-07.png,f46da2ee35331ce5e842494dcac473806cbbea635294e2bcdcb1061085fdd201
2025-07,oakville,2688,https://rentals.ca/blog/august-2025-rentals-ca-rent-report,https://images.rentals.ca/images/17_-_HAARPBCRAT25_-_AUG2025.width-800.png,2025-07.png,f46da2ee35331ce5e842494dcac473806cbbea635294e2bcdcb1061085fdd201
2025-07,scarborough,2433,https://rentals.ca/blog/august-2025-rentals-ca-rent-report,https://images.rentals.ca/images/17_-_HAARPBCRAT25_-_AUG2025.width-800.png,2025-07.png,f46da2ee35331ce5e842494dcac473806cbbea635294e2bcdcb1061085fdd201
2025-07,vaughan,2340,https://rentals.ca/blog/august-2025-rentals-ca-rent-report,https://images.rentals.ca/images/17_-_HAARPBCRAT25_-_AUG2025.width-800.png,2025-07.png,f46da2ee35331ce5e842494dcac473806cbbea635294e2bcdcb1061085fdd201
2025-08,markham,2481,https://rentals.ca/blog/september-2025-rentals-ca-rent-report,https://images.rentals.ca/images/17_-_HAARPBCRAT25M_-_SEPT2025.width-800.png,2025-08.png,69633270240a8a08db814d7bb02dea8f72f8aa6d32ea642844b8f50f66fe70cf
2025-08,mississauga,2444,https://rentals.ca/blog/september-2025-rentals-ca-rent-report,https://images.rentals.ca/images/17_-_HAARPBCRAT25M_-_SEPT2025.width-800.png,2025-08.png,69633270240a8a08db814d7bb02dea8f72f8aa6d32ea642844b8f50f66fe70cf
2025-08,north_york,2441,https://rentals.ca/blog/september-2025-rentals-ca-rent-report,https://images.rentals.ca/images/17_-_HAARPBCRAT25M_-_SEPT2025.width-800.png,2025-08.png,69633270240a8a08db814d7bb02dea8f72f8aa6d32ea642844b8f50f66fe70cf
2025-08,oakville,2700,https://rentals.ca/blog/september-2025-rentals-ca-rent-report,https://images.rentals.ca/images/17_-_HAARPBCRAT25M_-_SEPT2025.width-800.png,2025-08.png,69633270240a8a08db814d7bb02dea8f72f8aa6d32ea642844b8f50f66fe70cf
2025-08,scarborough,2410,https://rentals.ca/blog/september-2025-rentals-ca-rent-report,https://images.rentals.ca/images/17_-_HAARPBCRAT25M_-_SEPT2025.width-800.png,2025-08.png,69633270240a8a08db814d7bb02dea8f72f8aa6d32ea642844b8f50f66fe70cf
2025-08,vaughan,2315,https://rentals.ca/blog/september-2025-rentals-ca-rent-report,https://images.rentals.ca/images/17_-_HAARPBCRAT25M_-_SEPT2025.width-800.png,2025-08.png,69633270240a8a08db814d7bb02dea8f72f8aa6d32ea642844b8f50f66fe70cf
2025-09,markham,2473,https://rentals.ca/blog/october-2025-rentals-ca-rent-report,https://images.rentals.ca/original_images/17_-_HAART25M_-_OCT2025.png,2025-09.png,1557fbecee149c194eccc3d860ee693873d0c673ae0f2c5806c26e8666d44f87
2025-09,mississauga,2406,https://rentals.ca/blog/october-2025-rentals-ca-rent-report,https://images.rentals.ca/original_images/17_-_HAART25M_-_OCT2025.png,2025-09.png,1557fbecee149c194eccc3d860ee693873d0c673ae0f2c5806c26e8666d44f87
2025-09,north_york,2542,https://rentals.ca/blog/october-2025-rentals-ca-rent-report,https://images.rentals.ca/original_images/17_-_HAART25M_-_OCT2025.png,2025-09.png,1557fbecee149c194eccc3d860ee693873d0c673ae0f2c5806c26e8666d44f87
2025-09,oakville,2701,https://rentals.ca/blog/october-2025-rentals-ca-rent-report,https://images.rentals.ca/original_images/17_-_HAART25M_-_OCT2025.png,2025-09.png,1557fbecee149c194eccc3d860ee693873d0c673ae0f2c5806c26e8666d44f87
2025-09,scarborough,2416,https://rentals.ca/blog/october-2025-rentals-ca-rent-report,https://images.rentals.ca/original_images/17_-_HAART25M_-_OCT2025.png,2025-09.png,1557fbecee149c194eccc3d860ee693873d0c673ae0f2c5806c26e8666d44f87
2025-09,vaughan,2373,https://rentals.ca/blog/october-2025-rentals-ca-rent-report,https://images.rentals.ca/original_images/17_-_HAART25M_-_OCT2025.png,2025-09.png,1557fbecee149c194eccc3d860ee693873d0c673ae0f2c5806c26e8666d44f87
2025-10,markham,2492,https://rentals.ca/blog/november-2025-rentals-ca-report,https://rentals.ca/blog/wp-content/uploads/2026/01/16-HAARPBCRAT25M-NOV-2025.png,2025-10.png,81c2e4835986f1ee1d09f5a8e8274a2cabf9697426cc71d4c1f8e43d7a08d7f0
2025-10,mississauga,2409,https://rentals.ca/blog/november-2025-rentals-ca-report,https://rentals.ca/blog/wp-content/uploads/2026/01/16-HAARPBCRAT25M-NOV-2025.png,2025-10.png,81c2e4835986f1ee1d09f5a8e8274a2cabf9697426cc71d4c1f8e43d7a08d7f0
2025-10,north_york,2547,https://rentals.ca/blog/november-2025-rentals-ca-report,https://rentals.ca/blog/wp-content/uploads/2026/01/16-HAARPBCRAT25M-NOV-2025.png,2025-10.png,81c2e4835986f1ee1d09f5a8e8274a2cabf9697426cc71d4c1f8e43d7a08d7f0
2025-10,oakville,2627,https://rentals.ca/blog/november-2025-rentals-ca-report,https://rentals.ca/blog/wp-content/uploads/2026/01/16-HAARPBCRAT25M-NOV-2025.png,2025-10.png,81c2e4835986f1ee1d09f5a8e8274a2cabf9697426cc71d4c1f8e43d7a08d7f0
2025-10,scarborough,2367,https://rentals.ca/blog/november-2025-rentals-ca-report,https://rentals.ca/blog/wp-content/uploads/2026/01/16-HAARPBCRAT25M-NOV-2025.png,2025-10.png,81c2e4835986f1ee1d09f5a8e8274a2cabf9697426cc71d4c1f8e43d7a08d7f0
2025-10,vaughan,2337,https://rentals.ca/blog/november-2025-rentals-ca-report,https://rentals.ca/blog/wp-content/uploads/2026/01/16-HAARPBCRAT25M-NOV-2025.png,2025-10.png,81c2e4835986f1ee1d09f5a8e8274a2cabf9697426cc71d4c1f8e43d7a08d7f0
