period,room,value,report_url,image_url,image_file,image_sha256
2024-01,1br,2529,https://rentals.ca/blog/february-2024-rentals-ca-report,https://images.rentals.ca/images/8_Feb24_Average_Asking_Rent_by_Bedroom_Type_fo.width-800.png,2024-01.png,0ea511247f91542128f27d715ca2dac7686933ac2f11dd5c3dfdaebcb5b4a768
2024-01,2br,3355,https://rentals.ca/blog/february-2024-rentals-ca-report,https://images.rentals.ca/images/8_Feb24_Average_Asking_Rent_by_Bedroom_Type_fo.width-800.png,2024-01.png,0ea511247f91542128f27d715ca2dac7686933ac2f11dd5c3dfdaebcb5b4a768
2024-03,1br,2489,https://rentals.ca/blog/april-2024-rentals-ca-rent-report,https://images.rentals.ca/images/8_Asking_Rent_by_Bedroom_for_Largest_Markets_P.width-800.png,2024-03.png,531a9b5e1735f63003881369e9d46db6c61cd3de7d8688efa0933b2ef5e97d39
2024-03,2br,3270,https://rentals.ca/blog/april-2024-rentals-ca-rent-report,https://images.rentals.ca/images/8_Asking_Rent_by_Bedroom_for_Largest_Markets_P.width-800.png,2024-03.png,531a9b5e1735f63003881369e9d46db6c61cd3de7d8688efa0933b2ef5e97d39
2024-03,3br,3728,https://rentals.ca/blog/april-2024-rentals-ca-rent-report,https://images.rentals.ca/images/8_Asking_Rent_by_Bedroom_for_Largest_Markets_P.width-800.png,2024-03.png,531a9b5e1735f63003881369e9d46db6c61cd3de7d8688efa0933b2ef5e97d39
2024-04,1br,2476,https://rentals.ca/blog/may-2024-update-rentals-ca-rent-report,https://images.rentals.ca/images/8_-_AvgRentBedTypeLrgMarketPurposeCondoENG_-_M.width-800.png,2024-04.png,029cd73fae143245f2436f60ce4c6656bb1bd3e6bf9d0d12744ad9e60a8d1472
2024-04,2br,3249,https://rentals.ca/blog/may-2024-update-rentals-ca-rent-report,https://images.rentals.ca/images/8_-_AvgRentBedTypeLrgMarketPurposeCondoENG_-_M.width-800.png,2024-04.png,029cd73fae143245f2436f60ce4c6656bb1bd3e6bf9d0d12744ad9e60a8d1472
2024-04,3br,3743,https://rentals.ca/blog/may-2024-update-rentals-ca-rent-report,https://images.rentals.ca/images/8_-_AvgRentBedTypeLrgMarketPurposeCondoENG_-_M.width-800.png,2024-04.png,029cd73fae143245f2436f60ce4c6656bb1bd3e6bf9d0d12744ad9e60a8d1472
2024-05,1br,2493,https://rentals.ca/blog/june-2024-update-rentals-ca-rent-report,https://images.rentals.ca/images/Chart_12_-_AvgRentBedTypeLargeMrkts_-_June_202.width-800.png,2024-05.png,f4c977d7860d0c1bf10b6fec4d09984c9bcc0e8205fc3f85e80684de2b4ab56a
2024-05,2br,3310,https://rentals.ca/blog/june-2024-update-rentals-ca-rent-report,https://images.rentals.ca/images/Chart_12_-_AvgRentBedTypeLargeMrkts_-_June_202.width-800.png,2024-05.png,f4c977d7860d0c1bf10b6fec4d09984c9bcc0e8205fc3f85e80684de2b4ab56a
2024-05,3br,3720,https://rentals.ca/blog/june-2024-update-rentals-ca-rent-report,https://images.rentals.ca/images/Chart_12_-_AvgRentBedTypeLargeMrkts_-_June_202.width-800.png,2024-05.png,f4c977d7860d0c1bf10b6fec4d09984c9bcc0e8205fc3f85e80684de2b4ab56a
2024-06,1br,2458,https://rentals.ca/blog/july-2024-update-rentals-rent-report,https://images.rentals.ca/images/12RS_-_AvgAskRentBedTypeLargestMarkets_-_July_.width-800.png,2024-06.png,383b51c5b27631f48f85066f4799ec8c559202f7af354e0bb00dc09a6f4ca48e
2024-06,2br,3217,https://rentals.ca/blog/july-2024-update-rentals-rent-report,https://images.rentals.ca/images/12RS_-_AvgAskRentBedTypeLargestMarkets_-_July_.width-800.png,2024-06.png,383b51c5b27631f48f85066f4799ec8c559202f7af354e0bb00dc09a6f4ca48e
2024-06,3br,3673,https://rentals.ca/blog/july-2024-update-rentals-rent-report,https://images.rentals.ca/images/12RS_-_AvgAskRentBedTypeLargestMarkets_-_July_.width-800.png,2024-06.png,383b51c5b27631f48f85066f4799ec8c559202f7af354e0bb00dc09a6f4ca48e
2024-07,1br,2458,https://rentals.ca/blog/august-2024-update-rentals-ca-rent-report,https://images.rentals.ca/images/UPDATEDChart_12_-_AvgAskRentBedTypeLrgstMrktsP.width-800.png,2024-07.png,1b23b326f7b0980559a50f2d8092d9bdb37a99f8d024ebf8dde797dd3e29afe0
2024-07,2br,3214,https://rentals.ca/blog/august-2024-update-rentals-ca-rent-report,https://images.rentals.ca/images/UPDATEDChart_12_-_AvgAskRentBedTypeLrgstMrktsP.width-800.png,2024-07.png,1b23b326f7b0980559a50f2d8092d9bdb37a99f8d024ebf8dde797dd3e29afe0
2024-07,3br,3691,https://rentals.ca/blog/august-2024-update-rentals-ca-rent-report,https://images.rentals.ca/images/UPDATEDChart_12_-_AvgAskRentBedTypeLrgstMrktsP.width-800.png,2024-07.png,1b23b326f7b0980559a50f2d8092d9bdb37a99f8d024ebf8dde797dd3e29afe0
2024-08,1br,2445,https://rentals.ca/blog/september-2024-rentals-ca-rent-report,https://rentals.ca/blog/wp-content/uploads/2024/10/10_-_AvgAskRentBedTypeLrgMrktsPurpCondo_-_SEPT.width-800.png,2024-08.png,0584b01cc4fb4210b8cf8716ab831d3671000cff45d59d1c8fa8b70bf0c47718
2024-08,2br,3181,https://rentals.ca/blog/september-2024-rentals-ca-rent-report,https://rentals.ca/blog/wp-content/uploads/2024/10/10_-_AvgAskRentBedTypeLrgMrktsPurpCondo_-_SEPT.width-800.png,2024-08.png,0584b01cc4fb4210b8cf8716ab831d3671000cff45d59d1c8fa8b70bf0c47718
2024-08,3br,3741,https://rentals.ca/blog/september-2024-rentals-ca-rent-report,https://rentals.ca/blog/wp-content/uploads/2024/10/10_-_AvgAskRentBedTypeLrgMrktsPurpCondo_-_SEPT.width-800.png,2024-08.png,0584b01cc4fb4210b8cf8716ab831d3671000cff45d59d1c8fa8b70bf0c47718
2024-09,1br,2418,https://rentals.ca/blog/october-2024-rentals-ca-rent-report,https://rentals.ca/blog/wp-content/uploads/2024/11/9_-_AvgAskRentBedTypeLargestMrkts_-_OCT_2024_-.width-800.png,2024-09.png,c222b4e847446b2b3aafe900b9938397a9fa6a212d34d2a951409c7e6d7f78f1
2024-09,2br,3164,https://rentals.ca/blog/october-2024-rentals-ca-rent-report,https://rentals.ca/blog/wp-content/uploads/2024/11/9_-_AvgAskRentBedTypeLargestMrkts_-_OCT_2024_-.width-800.png,2024-09.png,c222b4e847446b2b3aafe900b9938397a9fa6a212d34d2a951409c7e6d7f78f1
2024-09,3br,3718,https://rentals.ca/blog/october-2024-rentals-ca-rent-report,https://rentals.ca/blog/wp-content/uploads/2024/11/9_-_AvgAskRentBedTypeLargestMrkts_-_OCT_2024_-.width-800.png,2024-09.png,c222b4e847446b2b3aafe900b9938397a9fa6a212d34d2a951409c7e6d7f78f1
2024-10,1br,2397,https://rentals.ca/blog/november-2024-rentals-ca-rent-report,https://rentals.ca/blog/wp-content/uploads/2024/12/10_-_AvgAskRentBedLrgMrktsPurpCondo_-_NOV2024_.width-800.png,2024-10.png,1b5750d901a7bd1defc650a29df966ebf245c878a1284ba80ef5262c2ead8c2b
2024-10,2br,3122,https://rentals.ca/blog/november-2024-rentals-ca-rent-report,https://rentals.ca/blog/wp-content/uploads/2024/12/10_-_AvgAskRentBedLrgMrktsPurpCondo_-_NOV2024_.width-800.png,2024-10.png,1b5750d901a7bd1defc650a29df966ebf245c878a1284ba80ef5262c2ead8c2b
2024-10,3br,3659,https://rentals.ca/blog/november-2024-rentals-ca-rent-report,https://rentals.ca/blog/wp-content/uploads/2024/12/10_-_AvgAskRentBedLrgMrktsPurpCondo_-_NOV2024_.width-800.png,2024-10.png,1b5750d901a7bd1defc650a29df966ebf245c878a1284ba80ef5262c2ead8c2b
2024-11,1br,2385,https://rentals.ca/blog/december-2024-rentals-ca-rent-report,https://rentals.ca/blog/wp-content/uploads/2025/01/17.png,2024-11.png,5702689eacc499e4606c2381305970feb0976c06d78cba4ca1c67c98dc0283e3
2024-11,2br,3115,https://rentals.ca/blog/december-2024-rentals-ca-rent-report,https://rentals.ca/blog/wp-content/uploads/2025/01/17.png,2024-11.png,5702689eacc499e4606c2381305970feb0976c06d78cba4ca1c67c98dc0283e3
2024-11,3br,3710,https://rentals.ca/blog/december-2024-rentals-ca-rent-report,https://rentals.ca/blog/wp-content/uploads/2025/01/17.png,2024-11.png,5702689eacc499e4606c2381305970feb0976c06d78cba4ca1c67c98dc0283e3
2024-12,1br,2372,https://rentals.ca/blog/january-2025-rentals-ca-rent-report,https://rentals.ca/blog/wp-content/uploads/2025/02/15_-_AvgAskRentBedTypeLrgstMrktsPurpCondo_-_Ja.webp,2024-12.webp,ac4508cc56f829b8421c81f0ea83df6663e827aeff381247daf0383f455d5b1c
2024-12,2br,3098,https://rentals.ca/blog/january-2025-rentals-ca-rent-report,https://rentals.ca/blog/wp-content/uploads/2025/02/15_-_AvgAskRentBedTypeLrgstMrktsPurpCondo_-_Ja.webp,2024-12.webp,ac4508cc56f829b8421c81f0ea83df6663e827aeff381247daf0383f455d5b1c
2024-12,3br,3718,https://rentals.ca/blog/january-2025-rentals-ca-rent-report,https://rentals.ca/blog/wp-content/uploads/2025/02/15_-_AvgAskRentBedTypeLrgstMrktsPurpCondo_-_Ja.webp,2024-12.webp,ac4508cc56f829b8421c81f0ea83df6663e827aeff381247daf0383f455d5b1c
2025-02,1br,2370,https://rentals.ca/blog/march-2025-rentals-ca-rent-report,https://rentals.ca/blog/wp-content/uploads/2025/04/12_-_AvgAskRentBedTypeLrgstMrkts_-_Mar2025-01.webp,2025-02.webp,3280f3d5e0d97c3964822f00f1a4d9fcfe1f6bf90dfe4e9602d7555addb183fd
2025-02,2br,3081,https://rentals.ca/blog/march-2025-rentals-ca-rent-report,https://rentals.ca/blog/wp-content/uploads/2025/04/12_-_AvgAskRentBedTypeLrgstMrkts_-_Mar2025-01.webp,2025-02.webp,3280f3d5e0d97c3964822f00f1a4d9fcfe1f6bf90dfe4e9602d7555addb183fd
2025-02,3br,3633,https://rentals.ca/blog/march-2025-rentals-ca-rent-report,https://rentals.ca/blog/wp-content/uploads/2025/04/12_-_AvgAskRentBedTypeLrgstMrkts_-_Mar2025-01.webp,2025-02.webp,3280f3d5e0d97c3964822f00f1a4d9fcfe1f6bf90dfe4e9602d7555addb183fd
2025-03,1br,2342,https://rentals.ca/blog/april-2025-rentals-ca-rent-report,https://images.rentals.ca/images/14_-_Avg_AskRentBedType6LrgstMrkts_-_APR2025-0.width-800.png,2025-03.png,09525cfc195b37e5db6c3cd25f52fa6a7fb0868372acfe26464b3ba6fa383482
2025-03,2br,2966,https://rentals.ca/blog/april-2025-rentals-ca-rent-report,https://images.rentals.ca/images/14_-_Avg_AskRentBedType6LrgstMrkts_-_APR2025-0.width-800.png,2025-03.png,09525cfc195b37e5db6c3cd25f52fa6a7fb0868372acfe26464b3ba6fa383482
2025-03,3br,3537,https://rentals.ca/blog/april-2025-rentals-ca-rent-report,https://images.rentals.ca/images/14_-_Avg_AskRentBedType6LrgstMrkts_-_APR2025-0.width-800.png,2025-03.png,09525cfc195b37e5db6c3cd25f52fa6a7fb0868372acfe26464b3ba6fa383482
2025-04,1br,2346,https://rentals.ca/blog/may-2025-rentals-ca-rent-report,https://images.rentals.ca/images/13_-_AARBT6LMPCRA_-_May_2025.width-800.png,2025-04.png,ad28bf2a01de08fde22f216d73e2e0020393818d97cef2a228c1d90835e65921
2025-04,2br,2958,https://rentals.ca/blog/may-2025-rentals-ca-rent-report,https://images.rentals.ca/images/13_-_AARBT6LMPCRA_-_May_2025.width-800.png,2025-04.png,ad28bf2a01de08fde22f216d73e2e0020393818d97cef2a228c1d90835e65921
2025-04,3br,3523,https://rentals.ca/blog/may-2025-rentals-ca-rent-report,https://images.rentals.ca/images/13_-_AARBT6LMPCRA_-_May_2025.width-800.png,2025-04.png,ad28bf2a01de08fde22f216d73e2e0020393818d97cef2a228c1d90835e65921
2025-05,1br,2324,https://rentals.ca/blog/june-2025-rentals-ca-rent-report,https://images.rentals.ca/images/14_-_AARBT6LMPBCRA_-_JUN2025.width-800.png,2025-05.png,343e7f26926cd92c3615c8547d796aa035606c1930021f676f7697d4a92fa01d
2025-05,2br,2957,https://rentals.ca/blog/june-2025-rentals-ca-rent-report,https://images.rentals.ca/images/14_-_AARBT6LMPBCRA_-_JUN2025.width-800.png,2025-05.png,343e7f26926cd92c3615c8547d796aa035606c1930021f676f7697d4a92fa01d
2025-05,3br,3530,https://rentals.ca/blog/june-2025-rentals-ca-rent-report,https://images.rentals.ca/images/14_-_AARBT6LMPBCRA_-_JUN2025.width-800.png,2025-05.png,343e7f26926cd92c3615c8547d796aa035606c1930021f676f7697d4a92fa01d
2025-06,1br,2308,https://rentals.ca/blog/july-2025-rentals-ca-rent-report,https://images.rentals.ca/images/15_-_AARBT6LMPBCRA_-_July_2025.width-800.png,2025-06.png,f68e723d96f95e9d96f9e8fbcfec2ef3f4d987183071318456e4bab2fffbd7c3
2025-06,2br,2956,https://rentals.ca/blog/july-2025-rentals-ca-rent-report,https://images.rentals.ca/images/15_-_AARBT6LMPBCRA_-_July_2025.width-800.png,2025-06.png,f68e723d96f95e9d96f9e8fbcfec2ef3f4d987183071318456e4bab2fffbd7c3
2025-06,3br,3501,https://rentals.ca/blog/july-2025-rentals-ca-rent-report,https://images.rentals.ca/images/15_-_AARBT6LMPBCRA_-_July_2025.width-800.png,2025-06.png,f68e723d96f95e9d96f9e8fbcfec2ef3f4d987183071318456e4bab2fffbd7c3
2025-07,1br,2310,https://rentals.ca/blog/august-2025-rentals-ca-rent-report,https://images.rentals.ca/images/15_-_AARBT6LM_-_AUG2025.width-800.png,2025-07.png,b1d404d83bdf3fabc39bd07f7b64e1357ff18c83fe9daad4e0c7cd16f5cf5ff3
2025-07,2br,2942,https://rentals.ca/blog/august-2025-rentals-ca-rent-report,https://images.rentals.ca/images/15_-_AARBT6LM_-_AUG2025.width-800.png,2025-07.png,b1d404d83bdf3fabc39bd07f7b64e1357ff18c83fe9daad4e0c7cd16f5cf5ff3
2025-07,3br,3519,https://rentals.ca/blog/august-2025-rentals-ca-rent-report,https://images.rentals.ca/images/15_-_AARBT6LM_-_AUG2025.width-800.png,2025-07.png,b1d404d83bdf3fabc39bd07f7b64e1357ff18c83fe9daad4e0c7cd16f5cf5ff3
2025-08,1br,2314,https://rentals.ca/blog/september-2025-rentals-ca-rent-report,https://images.rentals.ca/images/16_-_AARBT6LMPBCRA_-_SEPT2025.width-800.png,2025-08.png,1af0f1d08d92c2afb9fd25becfea0ba23a372c77e4be2d57392e2e58e26f2733
2025-08,2br,2946,https://rentals.ca/blog/september-2025-rentals-ca-rent-report,https://images.rentals.ca/images/16_-_AARBT6LMPBCRA_-_SEPT2025.width-800.png,2025-08.png,1af0f1d08d92c2afb9fd25becfea0ba23a372c77e4be2d57392e2e58e26f2733
2025-08,3br,3520,https://rentals.ca/blog/september-2025-rentals-ca-rent-report,https://images.rentals.ca/images/16_-_AARBT6LMPBCRA_-_SEPT2025.width-800.png,2025-08.png,1af0f1d08d92c2afb9fd25becfea0ba23a372c77e4be2d57392e2e58e26f2733
2025-09,1br,2295,https://rentals.ca/blog/october-2025-rentals-ca-rent-report,https://images.rentals.ca/original_images/16_-_AARBT6LMPBCRA_-_OCT2025.png,2025-09.png,94085dc4e09e09fbafc01debdb21903cc17a3bbb269faada02f25db12e7d8ec2
2025-09,2br,2941,https://rentals.ca/blog/october-2025-rentals-ca-rent-report,https://images.rentals.ca/original_images/16_-_AARBT6LMPBCRA_-_OCT2025.png,2025-09.png,94085dc4e09e09fbafc01debdb21903cc17a3bbb269faada02f25db12e7d8ec2
2025-09,3br,3524,https://rentals.ca/blog/october-2025-rentals-ca-rent-report,https://images.rentals.ca/original_images/16_-_AARBT6LMPBCRA_-_OCT2025.png,2025-09.png,94085dc4e09e09fbafc01debdb21903cc17a3bbb269faada02f25db12e7d8ec2
2025-10,1br,2260,https://rentals.ca/blog/november-2025-rentals-ca-report,https://rentals.ca/blog/wp-content/uploads/2026/01/14-AARBT6LMPBCRA-NOV-2025.png,2025-10.png,fffca71c737c827514af2f11f67205b65005f4dc748ee595a9daf95db3648e9a
2025-10,2br,2890,https://rentals.ca/blog/november-2025-rentals-ca-report,https://rentals.ca/blog/wp-content/uploads/2026/01/14-AARBT6LMPBCRA-NOV-2025.png,2025-10.png,fffca71c737c827514af2f11f67205b65005f4dc748ee595a9daf95db3648e9a
2025-10,3br,3492,https://rentals.ca/blog/november-2025-rentals-ca-report,https://rentals.ca/blog/wp-content/uploads/2026/01/14-AARBT6LMPBCRA-NOV-2025.png,2025-10.png,fffca71c737c827514af2f11f67205b65005f4dc748ee595a9daf95db3648e9a
