地区,房型,最早观测,最新观测,观测数,覆盖期间缺月
Toronto,公寓全部卧室类型,2022-07,2026-08,50,0
Toronto,一卧,2025-11,2026-08,10,0
Toronto,两卧,2025-11,2026-08,10,0
Toronto,三卧,2025-11,2026-08,10,0
North York,公寓全部卧室类型,2024-01,2026-08,31,1
North York,一卧,2026-04,2026-08,5,0
North York,两卧,2026-04,2026-08,5,0
North York,三卧,—,—,0,
Scarborough,公寓全部卧室类型,2024-01,2026-08,31,1
Scarborough,一卧,2026-04,2026-08,5,0
Scarborough,两卧,2026-04,2026-08,5,0
Scarborough,三卧,—,—,0,
Markham,公寓全部卧室类型,2024-01,2026-08,30,2
Markham,一卧,—,—,0,
Markham,两卧,—,—,0,
Markham,三卧,—,—,0,
Vaughan,公寓全部卧室类型,2024-01,2026-08,31,1
Vaughan,一卧,2026-04,2026-08,5,0
Vaughan,两卧,2026-04,2026-08,5,0
Vaughan,三卧,—,—,0,
Mississauga,公寓全部卧室类型,2024-01,2026-08,31,1
Mississauga,一卧,2026-04,2026-08,5,0
Mississauga,两卧,2026-04,2026-08,5,0
Mississauga,三卧,—,—,0,
Oakville,公寓全部卧室类型,2024-01,2026-08,31,1
Oakville,一卧,2026-04,2026-08,5,0
Oakville,两卧,2026-04,2026-08,5,0
Oakville,三卧,—,—,0,
